VTX, IDX, rawpos.x, rawpos.y, rawpos.z, rawcolor0.x, rawcolor0.y, rawcolor0.z, rawcolor0.w, rawtex0.x, rawtex0.y
0, 1534209, 3.87671, -1.0391, 0.37006, 0.69804, 0.69804, 0.69804, 1.00, 0.90061, 0.73402
1, 1534210, 3.55472, -0.57931, 0.12037, 0.69804, 0.69804, 0.69804, 1.00, 0.87469, 0.69484
2, 1534211, 3.12673, -1.73064, 0.35153, 0.69804, 0.69804, 0.69804, 1.00, 0.84023, 0.79294
3, 1534212, 2.39289, -2.03653, 0.28323, 0.69804, 0.69804, 0.69804, 1.00, 0.78116, 0.81901
4, 1534213, 3.24903, -2.28125, 0.61033, 0.69804, 0.69804, 0.69804, 1.00, 0.85008, 0.83986
5, --, Restart, Restart, Restart, Restart, Restart, Restart, Restart, Restart, Restart
6, 1534214, -5.93472, 2.7966, 1.58097, 0.69804, 0.69804, 0.69804, 1.00, 0.11079, 0.40718
7, 1534215, -6.79979, -0.5446, 2.21963, 0.69804, 0.69804, 0.69804, 1.00, 0.04115, 0.69188
8, 1534216, -5.53708, 1.11418, 1.30809, 0.69804, 0.69804, 0.69804, 1.00, 0.1428, 0.55054
9, 1534217, -6.66878, -1.54663, 2.33828, 0.69804, 0.69804, 0.69804, 1.00, 0.0517, 0.77727
10, 1534218, -4.566, 1.6254, 0.74203, 0.69804, 0.69804, 0.69804, 1.00, 0.22097, 0.50698
11, 1534219, -6.66878, -1.54663, 2.33828, 0.69804, 0.69804, 0.69804, 1.00, 0.0517, 0.77727
12, 1534220, -5.51995, -1.67779, 1.76662, 0.69804, 0.69804, 0.69804, 1.00, 0.14418, 0.78844
13, 1534221, -6.33176, -2.64552, 2.44663, 0.69804, 0.69804, 0.69804, 1.00, 0.07883, 0.8709
14, --, Restart, Restart, Restart, Restart, Restart, Restart, Restart, Restart, Restart
15, 1534222, -4.566, 1.6254, 0.74203, 0.69804, 0.69804, 0.69804, 1.00, 0.22097, 0.50698
16, 1534223, -5.51995, -1.67779, 1.76662, 0.69804, 0.69804, 0.69804, 1.00, 0.14418, 0.78844
17, 1534224, -4.0704, 1.32831, 0.48736, 0.69804, 0.69804, 0.69804, 1.00, 0.26086, 0.53229
18, 1534225, -4.37556, -1.27179, 1.07538, 0.69804, 0.69804, 0.69804, 1.00, 0.2363, 0.75385
19, 1534226, -4.0704, 1.32831, 0.48736, 0.69804, 0.69804, 0.69804, 1.00, 0.26086, 0.53229
20, 1534227, -3.76403, -1.51651, 0.86534, 0.69804, 0.69804, 0.69804, 1.00, 0.28553, 0.7747
21, 1534228, -2.52714, 1.40842, -0.19038, 0.69804, 0.69804, 0.69804, 1.00, 0.3851, 0.52547
22, 1534229, -3.76403, -1.51651, 0.86534, 0.69804, 0.69804, 0.69804, 1.00, 0.28553, 0.7747
23, 1534230, -2.93846, -1.73064, 0.60395, 0.69804, 0.69804, 0.69804, 1.00, 0.35199, 0.79294
24, 1534231, -3.45826, -2.00594, 0.90371, 0.69804, 0.69804, 0.69804, 1.00, 0.31014, 0.8164
25, --, Restart, Restart, Restart, Restart, Restart, Restart, Restart, Restart, Restart
26, 1534232, -2.52714, 1.40842, -0.19038, 0.69804, 0.69804, 0.69804, 1.00, 0.3851, 0.52547
27, 1534233, -2.93846, -1.73064, 0.60395, 0.69804, 0.69804, 0.69804, 1.00, 0.35199, 0.79294
28, 1534234, 0.7461, 2.58684, -0.67144, 0.69804, 0.69804, 0.69804, 1.00, 0.64859, 0.42506
29, 1534235, -0.60359, -2.22007, 0.22109, 0.69804, 0.69804, 0.69804, 1.00, 0.53994, 0.83465
30, 1534236, 0.7461, 2.58684, -0.67144, 0.69804, 0.69804, 0.69804, 1.00, 0.64859, 0.42506
31, 1534237, 0.71119, -2.46478, 0.26679, 0.69804, 0.69804, 0.69804, 1.00, 0.64578, 0.8555
32, 1534238, 2.08913, 3.45157, -0.41544, 0.69804, 0.69804, 0.69804, 1.00, 0.75671, 0.35137
33, 1534239, 0.71119, -2.46478, 0.26679, 0.69804, 0.69804, 0.69804, 1.00, 0.64578, 0.8555
34, 1534240, 1.72021, -2.25066, 0.25427, 0.69804, 0.69804, 0.69804, 1.00, 0.72701, 0.83726
35, 1534241, 1.44502, -2.74009, 0.44526, 0.69804, 0.69804, 0.69804, 1.00, 0.70486, 0.87896
36, --, Restart, Restart, Restart, Restart, Restart, Restart, Restart, Restart, Restart
37, 1534242, 2.28214, 5.52197, 0.17049, 0.69804, 0.69804, 0.69804, 1.00, 0.77224, 0.17496
38, 1534243, 2.51446, 4.26111, -0.16066, 0.69804, 0.69804, 0.69804, 1.00, 0.79095, 0.28239
39, 1534244, 3.64146, 4.36771, 0.18262, 0.69804, 0.69804, 0.69804, 1.00, 0.88167, 0.27331
40, 1534245, 2.08913, 3.45157, -0.41544, 0.69804, 0.69804, 0.69804, 1.00, 0.75671, 0.35137
41, 1534246, 5.03252, 2.65061, 0.47338, 0.69804, 0.69804, 0.69804, 1.00, 0.99365, 0.41962
42, 1534247, 2.08913, 3.45157, -0.41544, 0.69804, 0.69804, 0.69804, 1.00, 0.75671, 0.35137
43, 1534248, 4.99859, 1.46066, 0.43298, 0.69804, 0.69804, 0.69804, 1.00, 0.99092, 0.52102
44, 1534249, 2.08913, 3.45157, -0.41544, 0.69804, 0.69804, 0.69804, 1.00, 0.75671, 0.35137
45, 1534250, 4.67389, 0.44901, 0.37236, 0.69804, 0.69804, 0.69804, 1.00, 0.96478, 0.60722
46, 1534251, 3.95406, -0.16545, 0.17186, 0.69804, 0.69804, 0.69804, 1.00, 0.90683, 0.65958
47, 1534252, 4.67389, 0.44901, 0.37236, 0.69804, 0.69804, 0.69804, 1.00, 0.96478, 0.60722
48, 1534253, 4.57638, 0.04504, 0.3954, 0.69804, 0.69804, 0.69804, 1.00, 0.95693, 0.64164
49, 1534254, 4.93588, 0.48643, 0.49231, 0.69804, 0.69804, 0.69804, 1.00, 0.98587, 0.60403
50, --, Restart, Restart, Restart, Restart, Restart, Restart, Restart, Restart, Restart
51, 1534255, 3.95406, -0.16545, 0.17186, 0.69804, 0.69804, 0.69804, 1.00, 0.90683, 0.65958
52, 1534256, 2.08913, 3.45157, -0.41544, 0.69804, 0.69804, 0.69804, 1.00, 0.75671, 0.35137
53, 1534257, 3.55472, -0.57931, 0.12037, 0.69804, 0.69804, 0.69804, 1.00, 0.87469, 0.69484
54, 1534258, 1.72021, -2.25066, 0.25427, 0.69804, 0.69804, 0.69804, 1.00, 0.72701, 0.83726
55, 1534259, 2.39289, -2.03653, 0.28323, 0.69804, 0.69804, 0.69804, 1.00, 0.78116, 0.81901
56, --, Restart, Restart, Restart, Restart, Restart, Restart, Restart, Restart, Restart
